Strategy,Annual Factor,Total Cost (CNY),Energy Cost (CNY),Demand Charge (CNY),CO2 (tons),Carbon Cost (CNY),Peak Grid (kW),Load Factor,RE Penetration (%),Grid Indep. (%),BESS Cycles,Avg SOC,NPV (CNY),Payback (yr),Cost Savings (%),CO2 Reduction (%),Peak Reduction (%)
Baseline (No Storage),1.0030917210580557,620311742.875438,603706474.6943318,16605268.18110615,543374.2386121608,65204908.63345929,435633.88,0.196,16.77,16.77,0.0,0.0,,inf,0.0,0.0,0.0
Rule-Based Peak Shaving,1.0030917210580557,613546397.8746823,596941129.6935761,16605268.18110615,541798.3343730677,65015800.14482995,435633.88,0.197,16.77,19.61,671.0,0.303,-87671750.28,23.93,1.09,0.29,0.0
Economic MPC,1.0030917210580557,621489838.7328066,604884570.5617313,16605268.18110615,544324.2938646514,65318915.21360357,435633.88,0.196,16.77,16.82,21.0,0.115,-143980371.64,inf,-0.19,-0.17,0.0
Carbon-Aware MPC,1.0030917210580557,623728770.6403298,607123502.4592236,16605268.18110615,546123.2756715905,65534793.06052902,435633.88,0.197,16.77,16.82,46.0,0.121,-159851474.7,inf,-0.55,-0.51,0.0
Robust MPC (Conformal),1.0030917210580557,621489838.7328066,604884570.5617313,16605268.18110615,544324.2938646514,65318915.21360357,435633.88,0.196,16.77,16.82,21.0,0.115,-143980371.64,inf,-0.19,-0.17,0.0
Stochastic MPC,1.0030917210580557,623212792.2559944,606607524.0748883,16605268.18110615,545579.348182755,65469521.82205428,435633.88,0.197,16.77,16.83,45.0,0.122,-156193861.85,inf,-0.47,-0.41,0.0
DRL-SAC,1.0030917210580557,625818144.5313638,608546805.2012367,17271339.330127105,550153.891803504,66018467.04651322,453108.05,0.192,16.77,21.9,1134.0,0.293,-174662406.86,inf,-0.89,-1.25,-4.01
