Strategy,Annual Factor,Total Cost (CNY),Energy Cost (CNY),Demand Charge (CNY),CO2 (tons),Carbon Cost (CNY),Peak Grid (kW),Load Factor,RE Penetration (%),Grid Indep. (%),BESS Cycles,Avg SOC,NPV (CNY),Payback (yr),Cost Savings (%),CO2 Reduction (%),Peak Reduction (%)
Baseline (No Storage),1.0030917210580557,620311742.875438,603706474.6943318,16605268.18110615,543374.2386121608,65204908.63345929,435633.88,0.196,16.77,16.77,0.0,0.0,,inf,0.0,0.0,0.0
Rule-Based Peak Shaving,1.0030917210580557,616071741.247269,599466473.0661628,16605268.18110615,542406.7165235315,65088805.932669185,435633.88,0.197,16.77,19.04,509.0,0.293,-105573136.64,46.99,0.68,0.18,0.0
Economic MPC,1.0030917210580557,630222761.7563725,613617493.5852971,16605268.18110615,551947.6324562007,66233715.86465132,435633.88,0.199,16.77,19.64,388.5,0.35,-205885390.43,inf,-1.6,-1.58,0.0
Carbon-Aware MPC,1.0030917210580557,628858655.9506699,612253387.7795947,16605268.18110615,550571.1338234283,66068536.08890416,435633.88,0.199,16.77,18.94,443.5,0.328,-196215661.82,inf,-1.38,-1.32,0.0
Robust MPC (Conformal),1.0030917210580557,632587852.7604259,615982584.5793198,16605268.18110615,554137.4860048094,66496498.300515294,435633.88,0.2,16.77,19.91,542.5,0.263,-222650796.74,inf,-1.98,-1.98,0.0
Stochastic MPC,1.0030917210580557,629890541.289179,613285273.1080728,16605268.18110615,551732.4682789419,66207896.24362762,435633.88,0.199,16.77,19.26,545.0,0.229,-203530381.19,inf,-1.54,-1.54,0.0
DRL-SAC,1.0030917210580557,628712873.651666,612107605.47056,16605268.18110615,554777.6330608039,66573315.967296466,435633.88,0.201,16.77,22.79,1226.5,0.45,-195182255.69,inf,-1.35,-2.1,0.0
