Strategy,Total Cost (CNY),Energy Cost (CNY),Demand Charge (CNY),CO2 (tons),Carbon Cost (CNY),Peak Grid (kW),Load Factor,Renewable SCR (%),Grid Indep. (%),BESS Cycles,Avg SOC,NPV (CNY),Payback (yr),Cost Savings (%),CO2 Reduction (%),Peak Reduction (%),score
Economic MPC,23466183.09,20490941.88,2975241.21,18599.156,2231898.71,78295.82,0.461,27.74,30.4,112.0,0.481,48203526.83,1.7,3.11,0.94,8.38,0.9111111111111111
Robust MPC (Conformal),23484185.15,20508959.98,2975225.17,18610.896,2233307.55,78295.4,0.461,27.74,30.4,111.0,0.481,46650925.86,1.74,3.03,0.88,8.38,0.8841550553769203
Carbon-Aware MPC,23562982.38,20464664.14,3098318.24,18538.717,2224646.08,81534.69,0.442,27.74,30.33,104.0,0.449,39854997.07,1.95,2.71,1.26,4.59,0.8402673403766652
Rule-Based Peak Shaving,24020925.5,20761468.0,3259457.49,18692.665,2243119.83,85775.2,0.42,27.74,28.98,30.0,0.519,359337.43,6.87,0.82,0.44,-0.37,0.22768846016434438
Baseline (No Storage),24219238.79,20971902.72,3247336.08,18775.617,2253074.05,85456.21,0.42,27.74,27.74,0.0,0.0,,inf,0.0,0.0,0.0,0.010571428571428572
