Strategy,Total Cost (CNY),CO2 (tons),Carbon Cost (CNY),Peak Grid (kW),Load Factor,Renewable SCR (%),Grid Indep. (%),BESS Cycles,Avg SOC,NPV (CNY),Payback (yr),Cost Savings (%),CO2 Reduction (%),Peak Reduction (%),score
Robust MPC (Conformal),7460209.37,7593.779,759377.94,47295.54,0.316,18.8,17.42,73.0,0.459,22292692.15,3.13,5.08,0.87,-0.0,0.759180790960452
Economic MPC,7869633.34,7677.799,767779.93,45684.26,0.324,18.8,18.43,97.0,0.417,-16171778.96,inf,-0.13,-0.23,3.41,0.2507662835249042
Carbon-Aware MPC,7870498.58,7677.739,767773.93,45684.26,0.324,18.8,18.4,98.0,0.42,-16253066.57,inf,-0.14,-0.23,3.41,0.25
Rule-Based Peak Shaving,7806223.7,7661.594,766159.38,47357.27,0.312,18.8,18.47,22.0,0.83,-10214584.43,23.54,0.68,-0.02,-0.13,0.12965343086032743
Baseline (No Storage),7859289.52,7660.167,766016.72,47295.16,0.312,18.8,18.67,0.0,0.0,,inf,0.0,0.0,0.0,0.09309057849092915
