Strategy,Total Cost (CNY),Energy Cost (CNY),Demand Charge (CNY),CO2 (tons),Carbon Cost (CNY),Peak Grid (kW),Load Factor,RE Penetration (%),Grid Indep. (%),BESS Cycles,Avg SOC,NPV (CNY),Payback (yr),Cost Savings (%),CO2 Reduction (%),Peak Reduction (%),score
Stochastic MPC,594441947.74,574201878.59,20240069.15,531335.226,63760227.09,532633.4,0.162,16.77,23.05,1248.5,0.538,34725903.3,5.49,3.87,1.91,-22.27,0.7838703416149069
Carbon-Aware MPC,598457984.83,577638905.51,20819079.32,532557.553,63906906.39,547870.51,0.158,16.77,23.47,1005.5,0.517,6169428.84,6.7,3.22,1.69,-25.76,0.6427123708010336
Economic MPC,598626483.53,577807443.92,20819039.61,534276.019,64113122.26,547869.46,0.158,16.77,23.45,1016.5,0.53,4971300.3,6.76,3.2,1.37,-25.76,0.582311854005168
Robust MPC (Conformal),600472464.99,579653388.3,20819076.69,535678.574,64281428.84,547870.44,0.159,16.77,23.79,1065.5,0.526,-8154754.37,7.52,2.9,1.11,-25.76,0.5039082687338501
Rule-Based Peak Shaving,614065813.19,597511725.63,16554087.56,540685.011,64882201.37,435633.88,0.197,16.77,19.06,510.0,0.298,-104811755.25,45.14,0.7,0.19,0.0,0.35880975452196384
Baseline (No Storage),618399823.12,601845735.56,16554087.56,541699.455,65003934.6,435633.88,0.196,16.77,16.77,0.0,0.0,,inf,0.0,0.0,0.0,0.2518229166666667
DRL-SAC,618420286.27,601866198.72,16554087.56,541728.247,65007389.6,435633.88,0.196,16.77,16.77,0.0,0.9,-135774716.13,inf,-0.0,-0.01,0.0,0.25
