Strategy,Annual Factor,Total Cost (CNY),Energy Cost (CNY),Demand Charge (CNY),CO2 (tons),Carbon Cost (CNY),Peak Grid (kW),Load Factor,RE Penetration (%),Grid Indep. (%),BESS Cycles,Avg SOC,NPV (CNY),Payback (yr),Cost Savings (%),CO2 Reduction (%),Peak Reduction (%)
Baseline (No Storage),1.0030917210580557,620311742.875438,603706474.6943318,16605268.18110615,543374.2386121608,65204908.63345929,435633.88,0.196,16.77,16.77,0.0,0.0,,inf,0.0,0.0,0.0
Rule-Based Peak Shaving,1.0030917210580557,613546397.8746823,596941129.6935761,16605268.18110615,541798.3343730677,65015800.14482995,435633.88,0.197,16.77,19.61,671.0,0.303,-87671750.28,23.93,1.09,0.29,0.0
Economic MPC,1.0030917210580557,623854339.3371351,607249071.1560287,16605268.18110615,546332.4453727242,65559893.4447269,435633.88,0.198,16.77,22.39,582.5,0.716,-160741592.79,inf,-0.57,-0.54,0.0
Carbon-Aware MPC,1.0030917210580557,623694220.5102026,607088952.3391274,16605268.18110615,546600.920865682,65592110.5440055,435633.88,0.198,16.77,22.99,654.5,0.718,-159606559.45,inf,-0.55,-0.59,0.0
Robust MPC (Conformal),1.0030917210580557,623854339.3371351,607249071.1560287,16605268.18110615,546332.4453727242,65559893.4447269,435633.88,0.198,16.77,22.39,582.5,0.716,-160741592.79,inf,-0.57,-0.54,0.0
Stochastic MPC,1.0030917210580557,621655213.3691515,605049945.1880454,16605268.18110615,545729.7678048781,65487572.116523534,435633.88,0.198,16.77,22.57,644.0,0.598,-145152661.79,inf,-0.22,-0.43,0.0
DRL-SAC,1.0030917210580557,606568300.8313295,588483956.6443146,18084344.18701477,539251.1233802816,64710134.79560289,474436.97,0.182,16.77,24.21,1053.5,0.427,-38206155.82,10.16,2.22,0.76,-8.91
