Strategy,Annual Factor,Total Cost (CNY),Energy Cost (CNY),Demand Charge (CNY),CO2 (tons),Carbon Cost (CNY),Peak Grid (kW),Load Factor,RE Penetration (%),Grid Indep. (%),BESS Cycles,Avg SOC,NPV (CNY),Payback (yr),Cost Savings (%),CO2 Reduction (%),Peak Reduction (%)
Baseline (No Storage),1.0030917210580557,620311742.875438,603706474.6943318,16605268.18110615,543374.2386121608,65204908.63345929,435633.88,0.196,16.77,16.77,0.0,0.0,,inf,0.0,0.0,0.0
Rule-Based Peak Shaving,1.0030917210580557,615964333.8671247,599359065.6860186,16605268.18110615,542356.6582342838,65082799.018206805,435633.88,0.197,16.77,19.06,510.0,0.298,-104811758.55,45.14,0.7,0.19,0.0
Economic MPC,1.0030917210580557,600315294.6470629,579431888.3638612,20883406.28320165,535843.9307591893,64301271.75128821,547869.46,0.158,16.77,23.41,1011.5,0.531,6119491.43,6.7,3.22,1.39,-25.76
Carbon-Aware MPC,1.0030917210580557,599885801.3764342,579002355.2704912,20883446.105942976,533887.4304500172,64066491.66403298,547870.51,0.158,16.77,23.4,993.5,0.518,9164037.75,6.55,3.29,1.75,-25.76
Robust MPC (Conformal),1.0030917210580557,602014545.2332532,581131101.7253178,20883443.50793542,537313.5273376846,64477623.29055308,547870.44,0.159,16.77,23.76,1057.5,0.528,-5925975.99,7.38,2.95,1.12,-25.76
Stochastic MPC,1.0030917210580557,595220986.0309172,575824103.0476125,19396882.973273788,532958.7962212298,63955055.52648575,508871.0,0.169,16.77,23.01,1248.5,0.54,42231486.2,5.25,4.04,1.92,-16.81
DRL-SAC,1.0030917210580557,620332269.2917898,603727001.1207145,16605268.18110615,543403.1196289934,65208374.31535555,435633.88,0.196,16.77,16.77,0.0,0.9,-135774716.13,inf,-0.0,-0.01,0.0
