Strategy,Total Cost (CNY),Energy Cost (CNY),Demand Charge (CNY),CO2 (tons),Carbon Cost (CNY),Peak Grid (kW),Load Factor,RE Penetration (%),Grid Indep. (%),BESS Cycles,Avg SOC,NPV (CNY),Payback (yr),Cost Savings (%),CO2 Reduction (%),Peak Reduction (%),score
Economic MPC,23466183.24,20490942.03,2975241.21,18599.157,2231898.89,78295.82,0.461,27.74,30.4,112.0,0.481,48203514.37,1.7,3.11,0.94,8.38,0.9111111111111111
Robust MPC (Conformal),23484185.49,20508960.33,2975225.16,18610.9,2233307.96,78295.4,0.461,27.74,30.4,111.0,0.481,46650896.23,1.74,3.03,0.88,8.38,0.8841550553769203
Carbon-Aware MPC,23562982.5,20464664.26,3098318.24,18538.717,2224646.09,81534.69,0.442,27.74,30.33,104.0,0.449,39854987.12,1.95,2.71,1.26,4.59,0.8354862288867231
Rule-Based Peak Shaving,24076757.23,20829421.16,3247336.08,18740.478,2248857.41,85456.21,0.421,27.74,28.35,26.0,0.731,-4455914.2,9.91,0.59,0.19,0.0,0.1286620221507681
Baseline (No Storage),24219238.79,20971902.72,3247336.08,18775.617,2253074.05,85456.21,0.42,27.74,27.74,0.0,0.0,,inf,0.0,0.0,0.0,0.0
