Strategy,Total Cost (CNY),Energy Cost (CNY),Demand Charge (CNY),CO2 (tons),Carbon Cost (CNY),Peak Grid (kW),Load Factor,RE Penetration (%),Grid Indep. (%),BESS Cycles,Avg SOC,NPV (CNY),Payback (yr),Cost Savings (%),CO2 Reduction (%),Peak Reduction (%),score
Economic MPC,23454033.04,20488477.15,2965555.89,18596.733,2231607.91,78040.94,0.462,27.74,30.4,106.0,0.482,49251417.57,1.67,3.16,0.95,8.68,0.9118110236220472
Carbon-Aware MPC,23558345.81,20462609.87,3095735.95,18536.251,2224350.07,81466.74,0.443,27.74,30.32,101.0,0.45,40254881.69,1.94,2.73,1.27,4.67,0.8592216443703049
Robust MPC (Conformal),23809182.68,20466836.22,3342346.46,18597.439,2231692.68,87956.49,0.411,27.74,30.97,107.0,0.489,18621260.96,3.17,1.69,0.95,-2.93,0.47573507425495865
Rule-Based Peak Shaving,24151441.6,20904105.52,3247336.08,18775.721,2253086.53,85456.21,0.421,27.74,29.43,76.0,0.351,-10897125.48,24.33,0.28,-0.0,0.0,0.0985351999040548
Baseline (No Storage),24219238.79,20971902.72,3247336.08,18775.617,2253074.05,85456.21,0.42,27.74,27.74,0.0,0.0,,inf,0.0,0.0,0.0,0.06309216192937124
