Strategy,Annual Factor,Total Cost (CNY),Energy Cost (CNY),Demand Charge (CNY),CO2 (tons),Carbon Cost (CNY),Peak Grid (kW),Load Factor,RE Penetration (%),Grid Indep. (%),BESS Cycles,Avg SOC,NPV (CNY),Payback (yr),Cost Savings (%),CO2 Reduction (%),Peak Reduction (%)
Baseline (No Storage),1.0030917210580557,620311742.875438,603706474.6943318,16605268.18110615,543374.2386121608,65204908.63345929,435633.88,0.196,16.77,16.77,0.0,0.0,,inf,0.0,0.0,0.0
Rule-Based Peak Shaving,1.0030917210580557,615964333.3956716,599359065.2145654,16605268.18110615,542356.6582342838,65082799.03826863,435633.88,0.197,16.77,19.06,510.0,0.298,-104811755.25,45.14,0.7,0.19,0.0
Economic MPC,1.0030917210580557,600477269.6350394,579593863.3618687,20883406.273170732,535927.8514187564,64311342.15018894,547869.46,0.158,16.77,23.45,1016.5,0.53,4971300.3,6.76,3.2,1.37,-25.76
Carbon-Aware MPC,1.0030917210580557,600308249.9840605,579424803.8781174,20883446.105942976,534204.0724012366,64104488.718241155,547870.51,0.158,16.77,23.47,1005.5,0.517,6169428.84,6.7,3.22,1.69,-25.76
Robust MPC (Conformal),1.0030917210580557,602328958.3547922,581445514.8869804,20883443.46781175,537334.742727585,64480169.08718654,547870.44,0.159,16.77,23.79,1065.5,0.526,-8154754.37,7.52,2.9,1.11,-25.76
Stochastic MPC,1.0030917210580557,596279796.4276193,575977150.6296118,20302645.798007555,532977.966307111,63957355.92676057,532633.4,0.162,16.77,23.05,1248.5,0.538,34725903.3,5.49,3.87,1.91,-22.27
DRL-SAC,1.0030917210580557,620332269.2917898,603727001.1207145,16605268.18110615,543403.1196289934,65208374.31535555,435633.88,0.196,16.77,16.77,0.0,0.9,-135774716.13,inf,-0.0,-0.01,0.0
